"Jan 1, 1871",4.44
"Feb 1, 1871",4.5
"Mar 1, 1871",4.61
"Apr 1, 1871",4.74
"May 1, 1871",4.86
"Jun 1, 1871",4.82
"Jul 1, 1871",4.73
"Aug 1, 1871",4.79
"Sep 1, 1871",4.84
"Oct 1, 1871",4.59
"Nov 1, 1871",4.64
"Dec 1, 1871",4.74
"Jan 1, 1872",4.86
"Feb 1, 1872",4.88
"Mar 1, 1872",5.04
"Apr 1, 1872",5.18
"May 1, 1872",5.18
"Jun 1, 1872",5.13
"Jul 1, 1872",5.1
"Aug 1, 1872",5.04
"Sep 1, 1872",4.95
"Oct 1, 1872",4.97
"Nov 1, 1872",4.95
"Dec 1, 1872",5.07
"Jan 1, 1873",5.11
"Feb 1, 1873",5.15
"Mar 1, 1873",5.11
"Apr 1, 1873",5.04
"May 1, 1873",5.05
"Jun 1, 1873",4.98
"Jul 1, 1873",4.97
"Aug 1, 1873",4.97
"Sep 1, 1873",4.59
"Oct 1, 1873",4.19
"Nov 1, 1873",4.04
"Dec 1, 1873",4.42
"Jan 1, 1874",4.66
"Feb 1, 1874",4.8
"Mar 1, 1874",4.73
"Apr 1, 1874",4.6
"May 1, 1874",4.48
"Jun 1, 1874",4.46
"Jul 1, 1874",4.46
"Aug 1, 1874",4.47
"Sep 1, 1874",4.54
"Oct 1, 1874",4.53
"Nov 1, 1874",4.57
"Dec 1, 1874",4.54
"Jan 1, 1875",4.54
"Feb 1, 1875",4.53
"Mar 1, 1875",4.59
"Apr 1, 1875",4.65
"May 1, 1875",4.47
"Jun 1, 1875",4.38
"Jul 1, 1875",4.39
"Aug 1, 1875",4.41
"Sep 1, 1875",4.37
"Oct 1, 1875",4.3
"Nov 1, 1875",4.37
"Dec 1, 1875",4.37
"Jan 1, 1876",4.46
"Feb 1, 1876",4.52
"Mar 1, 1876",4.51
"Apr 1, 1876",4.34
"May 1, 1876",4.18
"Jun 1, 1876",4.15
"Jul 1, 1876",4.1
"Aug 1, 1876",3.93
"Sep 1, 1876",3.69
"Oct 1, 1876",3.67
"Nov 1, 1876",3.6
"Dec 1, 1876",3.58
"Jan 1, 1877",3.55
"Feb 1, 1877",3.34
"Mar 1, 1877",3.17
"Apr 1, 1877",2.94
"May 1, 1877",2.94
"Jun 1, 1877",2.73
"Jul 1, 1877",2.85
"Aug 1, 1877",3.05
"Sep 1, 1877",3.24
"Oct 1, 1877",3.31
"Nov 1, 1877",3.26
"Dec 1, 1877",3.25
"Jan 1, 1878",3.25
"Feb 1, 1878",3.18
"Mar 1, 1878",3.24
"Apr 1, 1878",3.33
"May 1, 1878",3.34
"Jun 1, 1878",3.41
"Jul 1, 1878",3.48
"Aug 1, 1878",3.45
"Sep 1, 1878",3.52
"Oct 1, 1878",3.48
"Nov 1, 1878",3.47
"Dec 1, 1878",3.45
"Jan 1, 1879",3.58
"Feb 1, 1879",3.71
"Mar 1, 1879",3.65
"Apr 1, 1879",3.77
"May 1, 1879",3.94
"Jun 1, 1879",3.96
"Jul 1, 1879",4.04
"Aug 1, 1879",4.07
"Sep 1, 1879",4.22
"Oct 1, 1879",4.68
"Nov 1, 1879",4.93
"Dec 1, 1879",4.92
"Jan 1, 1880",5.11
"Feb 1, 1880",5.2
"Mar 1, 1880",5.3
"Apr 1, 1880",5.18
"May 1, 1880",4.77
"Jun 1, 1880",4.79
"Jul 1, 1880",5.01
"Aug 1, 1880",5.19
"Sep 1, 1880",5.18
"Oct 1, 1880",5.33
"Nov 1, 1880",5.61
"Dec 1, 1880",5.84
"Jan 1, 1881",6.19
"Feb 1, 1881",6.17
"Mar 1, 1881",6.24
"Apr 1, 1881",6.22
"May 1, 1881",6.5
"Jun 1, 1881",6.58
"Jul 1, 1881",6.35
"Aug 1, 1881",6.2
"Sep 1, 1881",6.25
"Oct 1, 1881",6.15
"Nov 1, 1881",6.19
"Dec 1, 1881",6.01
"Jan 1, 1882",5.92
"Feb 1, 1882",5.79
"Mar 1, 1882",5.78
"Apr 1, 1882",5.78
"May 1, 1882",5.71
"Jun 1, 1882",5.68
"Jul 1, 1882",6
"Aug 1, 1882",6.18
"Sep 1, 1882",6.24
"Oct 1, 1882",6.07
"Nov 1, 1882",5.81
"Dec 1, 1882",5.84
"Jan 1, 1883",5.81
"Feb 1, 1883",5.68
"Mar 1, 1883",5.75
"Apr 1, 1883",5.87
"May 1, 1883",5.77
"Jun 1, 1883",5.82
"Jul 1, 1883",5.73
"Aug 1, 1883",5.47
"Sep 1, 1883",5.53
"Oct 1, 1883",5.38
"Nov 1, 1883",5.46
"Dec 1, 1883",5.34
"Jan 1, 1884",5.18
"Feb 1, 1884",5.32
"Mar 1, 1884",5.3
"Apr 1, 1884",5.06
"May 1, 1884",4.65
"Jun 1, 1884",4.46
"Jul 1, 1884",4.46
"Aug 1, 1884",4.74
"Sep 1, 1884",4.59
"Oct 1, 1884",4.44
"Nov 1, 1884",4.35
"Dec 1, 1884",4.34
"Jan 1, 1885",4.24
"Feb 1, 1885",4.37
"Mar 1, 1885",4.38
"Apr 1, 1885",4.37
"May 1, 1885",4.32
"Jun 1, 1885",4.3
"Jul 1, 1885",4.46
"Aug 1, 1885",4.71
"Sep 1, 1885",4.65
"Oct 1, 1885",4.92
"Nov 1, 1885",5.24
"Dec 1, 1885",5.2
"Jan 1, 1886",5.2
"Feb 1, 1886",5.3
"Mar 1, 1886",5.19
"Apr 1, 1886",5.12
"May 1, 1886",5.02
"Jun 1, 1886",5.25
"Jul 1, 1886",5.33
"Aug 1, 1886",5.37
"Sep 1, 1886",5.51
"Oct 1, 1886",5.65
"Nov 1, 1886",5.79
"Dec 1, 1886",5.64
"Jan 1, 1887",5.58
"Feb 1, 1887",5.54
"Mar 1, 1887",5.67
"Apr 1, 1887",5.8
"May 1, 1887",5.9
"Jun 1, 1887",5.73
"Jul 1, 1887",5.59
"Aug 1, 1887",5.45
"Sep 1, 1887",5.38
"Oct 1, 1887",5.2
"Nov 1, 1887",5.3
"Dec 1, 1887",5.27
"Jan 1, 1888",5.31
"Feb 1, 1888",5.28
"Mar 1, 1888",5.08
"Apr 1, 1888",5.1
"May 1, 1888",5.17
"Jun 1, 1888",5.01
"Jul 1, 1888",5.14
"Aug 1, 1888",5.25
"Sep 1, 1888",5.38
"Oct 1, 1888",5.35
"Nov 1, 1888",5.24
"Dec 1, 1888",5.14
"Jan 1, 1889",5.24
"Feb 1, 1889",5.3
"Mar 1, 1889",5.19
"Apr 1, 1889",5.18
"May 1, 1889",5.32
"Jun 1, 1889",5.41
"Jul 1, 1889",5.3
"Aug 1, 1889",5.37
"Sep 1, 1889",5.5
"Oct 1, 1889",5.4
"Nov 1, 1889",5.35
"Dec 1, 1889",5.32
"Jan 1, 1890",5.38
"Feb 1, 1890",5.32
"Mar 1, 1890",5.28
"Apr 1, 1890",5.39
"May 1, 1890",5.62
"Jun 1, 1890",5.58
"Jul 1, 1890",5.54
"Aug 1, 1890",5.41
"Sep 1, 1890",5.32
"Oct 1, 1890",5.08
"Nov 1, 1890",4.71
"Dec 1, 1890",4.6
"Jan 1, 1891",4.84
"Feb 1, 1891",4.9
"Mar 1, 1891",4.81
"Apr 1, 1891",4.97
"May 1, 1891",4.95
"Jun 1, 1891",4.85
"Jul 1, 1891",4.77
"Aug 1, 1891",4.93
"Sep 1, 1891",5.33
"Oct 1, 1891",5.33
"Nov 1, 1891",5.25
"Dec 1, 1891",5.41
"Jan 1, 1892",5.51
"Feb 1, 1892",5.52
"Mar 1, 1892",5.58
"Apr 1, 1892",5.57
"May 1, 1892",5.57
"Jun 1, 1892",5.54
"Jul 1, 1892",5.54
"Aug 1, 1892",5.62
"Sep 1, 1892",5.48
"Oct 1, 1892",5.59
"Nov 1, 1892",5.57
"Dec 1, 1892",5.51
"Jan 1, 1893",5.61
"Feb 1, 1893",5.51
"Mar 1, 1893",5.31
"Apr 1, 1893",5.31
"May 1, 1893",4.84
"Jun 1, 1893",4.61
"Jul 1, 1893",4.18
"Aug 1, 1893",4.08
"Sep 1, 1893",4.37
"Oct 1, 1893",4.5
"Nov 1, 1893",4.57
"Dec 1, 1893",4.41
"Jan 1, 1894",4.32
"Feb 1, 1894",4.38
"Mar 1, 1894",4.51
"Apr 1, 1894",4.57
"May 1, 1894",4.4
"Jun 1, 1894",4.34
"Jul 1, 1894",4.25
"Aug 1, 1894",4.41
"Sep 1, 1894",4.48
"Oct 1, 1894",4.34
"Nov 1, 1894",4.34
"Dec 1, 1894",4.3
"Jan 1, 1895",4.25
"Feb 1, 1895",4.19
"Mar 1, 1895",4.19
"Apr 1, 1895",4.37
"May 1, 1895",4.61
"Jun 1, 1895",4.7
"Jul 1, 1895",4.72
"Aug 1, 1895",4.79
"Sep 1, 1895",4.82
"Oct 1, 1895",4.75
"Nov 1, 1895",4.59
"Dec 1, 1895",4.32
"Jan 1, 1896",4.27
"Feb 1, 1896",4.45
"Mar 1, 1896",4.38
"Apr 1, 1896",4.42
"May 1, 1896",4.4
"Jun 1, 1896",4.32
"Jul 1, 1896",4.04
"Aug 1, 1896",3.81
"Sep 1, 1896",4.01
"Oct 1, 1896",4.1
"Nov 1, 1896",4.38
"Dec 1, 1896",4.22
"Jan 1, 1897",4.22
"Feb 1, 1897",4.18
"Mar 1, 1897",4.19
"Apr 1, 1897",4.06
"May 1, 1897",4.08
"Jun 1, 1897",4.27
"Jul 1, 1897",4.46
"Aug 1, 1897",4.75
"Sep 1, 1897",4.98
"Oct 1, 1897",4.82
"Nov 1, 1897",4.65
"Dec 1, 1897",4.75
"Jan 1, 1898",4.88
"Feb 1, 1898",4.87
"Mar 1, 1898",4.65
"Apr 1, 1898",4.57
"May 1, 1898",4.87
"Jun 1, 1898",5.06
"Jul 1, 1898",5.08
"Aug 1, 1898",5.27
"Sep 1, 1898",5.26
"Oct 1, 1898",5.15
"Nov 1, 1898",5.32
"Dec 1, 1898",5.65
"Jan 1, 1899",6.08
"Feb 1, 1899",6.31
"Mar 1, 1899",6.4
"Apr 1, 1899",6.48
"May 1, 1899",6.21
"Jun 1, 1899",6.07
"Jul 1, 1899",6.28
"Aug 1, 1899",6.44
"Sep 1, 1899",6.37
"Oct 1, 1899",6.34
"Nov 1, 1899",6.46
"Dec 1, 1899",6.02
"Jan 1, 1900",6.1
"Feb 1, 1900",6.21
"Mar 1, 1900",6.26
"Apr 1, 1900",6.34
"May 1, 1900",6.04
"Jun 1, 1900",5.86
"Jul 1, 1900",5.86
"Aug 1, 1900",5.94
"Sep 1, 1900",5.8
"Oct 1, 1900",6.01
"Nov 1, 1900",6.48
"Dec 1, 1900",6.87
"Jan 1, 1901",7.07
"Feb 1, 1901",7.25
"Mar 1, 1901",7.51
"Apr 1, 1901",8.14
"May 1, 1901",7.73
"Jun 1, 1901",8.5
"Jul 1, 1901",7.93
"Aug 1, 1901",8.04
"Sep 1, 1901",8
"Oct 1, 1901",7.91
"Nov 1, 1901",8.08
"Dec 1, 1901",7.95
"Jan 1, 1902",8.12
"Feb 1, 1902",8.19
"Mar 1, 1902",8.2
"Apr 1, 1902",8.48
"May 1, 1902",8.46
"Jun 1, 1902",8.41
"Jul 1, 1902",8.6
"Aug 1, 1902",8.83
"Sep 1, 1902",8.85
"Oct 1, 1902",8.57
"Nov 1, 1902",8.24
"Dec 1, 1902",8.05
"Jan 1, 1903",8.46
"Feb 1, 1903",8.41
"Mar 1, 1903",8.08
"Apr 1, 1903",7.75
"May 1, 1903",7.6
"Jun 1, 1903",7.18
"Jul 1, 1903",6.85
"Aug 1, 1903",6.63
"Sep 1, 1903",6.47
"Oct 1, 1903",6.26
"Nov 1, 1903",6.28
"Dec 1, 1903",6.57
"Jan 1, 1904",6.68
"Feb 1, 1904",6.5
"Mar 1, 1904",6.48
"Apr 1, 1904",6.64
"May 1, 1904",6.5
"Jun 1, 1904",6.51
"Jul 1, 1904",6.78
"Aug 1, 1904",7.01
"Sep 1, 1904",7.32
"Oct 1, 1904",7.75
"Nov 1, 1904",8.17
"Dec 1, 1904",8.25
"Jan 1, 1905",8.43
"Feb 1, 1905",8.8
"Mar 1, 1905",9.05
"Apr 1, 1905",8.94
"May 1, 1905",8.5
"Jun 1, 1905",8.6
"Jul 1, 1905",8.87
"Aug 1, 1905",9.2
"Sep 1, 1905",9.23
"Oct 1, 1905",9.36
"Nov 1, 1905",9.31
"Dec 1, 1905",9.54
"Jan 1, 1906",9.87
"Feb 1, 1906",9.8
"Mar 1, 1906",9.56
"Apr 1, 1906",9.43
"May 1, 1906",9.18
"Jun 1, 1906",9.3
"Jul 1, 1906",9.06
"Aug 1, 1906",9.73
"Sep 1, 1906",10.03
"Oct 1, 1906",9.73
"Nov 1, 1906",9.93
"Dec 1, 1906",9.84
"Jan 1, 1907",9.56
"Feb 1, 1907",9.26
"Mar 1, 1907",8.35
"Apr 1, 1907",8.39
"May 1, 1907",8.1
"Jun 1, 1907",7.84
"Jul 1, 1907",8.14
"Aug 1, 1907",7.53
"Sep 1, 1907",7.45
"Oct 1, 1907",6.64
"Nov 1, 1907",6.25
"Dec 1, 1907",6.57
"Jan 1, 1908",6.85
"Feb 1, 1908",6.6
"Mar 1, 1908",6.87
"Apr 1, 1908",7.24
"May 1, 1908",7.63
"Jun 1, 1908",7.64
"Jul 1, 1908",7.92
"Aug 1, 1908",8.26
"Sep 1, 1908",8.17
"Oct 1, 1908",8.27
"Nov 1, 1908",8.83
"Dec 1, 1908",9.03
"Jan 1, 1909",9.06
"Feb 1, 1909",8.8
"Mar 1, 1909",8.92
"Apr 1, 1909",9.32
"May 1, 1909",9.63
"Jun 1, 1909",9.8
"Jul 1, 1909",9.94
"Aug 1, 1909",10.18
"Sep 1, 1909",10.19
"Oct 1, 1909",10.23
"Nov 1, 1909",10.18
"Dec 1, 1909",10.3
"Jan 1, 1910",10.08
"Feb 1, 1910",9.72
"Mar 1, 1910",9.96
"Apr 1, 1910",9.72
"May 1, 1910",9.56
"Jun 1, 1910",9.1
"Jul 1, 1910",8.64
"Aug 1, 1910",8.85
"Sep 1, 1910",8.91
"Oct 1, 1910",9.32
"Nov 1, 1910",9.31
"Dec 1, 1910",9.05
"Jan 1, 1911",9.27
"Feb 1, 1911",9.43
"Mar 1, 1911",9.32
"Apr 1, 1911",9.28
"May 1, 1911",9.48
"Jun 1, 1911",9.67
"Jul 1, 1911",9.63
"Aug 1, 1911",9.17
"Sep 1, 1911",8.67
"Oct 1, 1911",8.72
"Nov 1, 1911",9.07
"Dec 1, 1911",9.11
"Jan 1, 1912",9.12
"Feb 1, 1912",9.04
"Mar 1, 1912",9.3
"Apr 1, 1912",9.59
"May 1, 1912",9.58
"Jun 1, 1912",9.58
"Jul 1, 1912",9.59
"Aug 1, 1912",9.81
"Sep 1, 1912",9.86
"Oct 1, 1912",9.84
"Nov 1, 1912",9.73
"Dec 1, 1912",9.38
"Jan 1, 1913",9.3
"Feb 1, 1913",8.97
"Mar 1, 1913",8.8
"Apr 1, 1913",8.79
"May 1, 1913",8.55
"Jun 1, 1913",8.12
"Jul 1, 1913",8.23
"Aug 1, 1913",8.45
"Sep 1, 1913",8.53
"Oct 1, 1913",8.26
"Nov 1, 1913",8.05
"Dec 1, 1913",8.04
"Jan 1, 1914",8.37
"Feb 1, 1914",8.48
"Mar 1, 1914",8.32
"Apr 1, 1914",8.12
"May 1, 1914",8.17
"Jun 1, 1914",8.13
"Jul 1, 1914",7.68
"Aug 1, 1914",7.68
"Sep 1, 1914",7.68
"Oct 1, 1914",7.68
"Nov 1, 1914",7.68
"Dec 1, 1914",7.35
"Jan 1, 1915",7.48
"Feb 1, 1915",7.38
"Mar 1, 1915",7.57
"Apr 1, 1915",8.14
"May 1, 1915",7.95
"Jun 1, 1915",8.04
"Jul 1, 1915",8.01
"Aug 1, 1915",8.35
"Sep 1, 1915",8.66
"Oct 1, 1915",9.14
"Nov 1, 1915",9.46
"Dec 1, 1915",9.48
"Jan 1, 1916",9.33
"Feb 1, 1916",9.2
"Mar 1, 1916",9.17
"Apr 1, 1916",9.07
"May 1, 1916",9.27
"Jun 1, 1916",9.36
"Jul 1, 1916",9.23
"Aug 1, 1916",9.3
"Sep 1, 1916",9.68
"Oct 1, 1916",9.98
"Nov 1, 1916",10.21
"Dec 1, 1916",9.8
"Jan 1, 1917",9.57
"Feb 1, 1917",9.03
"Mar 1, 1917",9.31
"Apr 1, 1917",9.17
"May 1, 1917",8.86
"Jun 1, 1917",9.04
"Jul 1, 1917",8.79
"Aug 1, 1917",8.53
"Sep 1, 1917",8.12
"Oct 1, 1917",7.68
"Nov 1, 1917",7.04
"Dec 1, 1917",6.8
"Jan 1, 1918",7.21
"Feb 1, 1918",7.43
"Mar 1, 1918",7.28
"Apr 1, 1918",7.21
"May 1, 1918",7.44
"Jun 1, 1918",7.45
"Jul 1, 1918",7.51
"Aug 1, 1918",7.58
"Sep 1, 1918",7.54
"Oct 1, 1918",7.86
"Nov 1, 1918",8.06
"Dec 1, 1918",7.9
"Jan 1, 1919",7.85
"Feb 1, 1919",7.88
"Mar 1, 1919",8.12
"Apr 1, 1919",8.39
"May 1, 1919",8.97
"Jun 1, 1919",9.21
"Jul 1, 1919",9.51
"Aug 1, 1919",8.87
"Sep 1, 1919",9.01
"Oct 1, 1919",9.47
"Nov 1, 1919",9.19
"Dec 1, 1919",8.92
"Jan 1, 1920",8.83
"Feb 1, 1920",8.1
"Mar 1, 1920",8.67
"Apr 1, 1920",8.6
"May 1, 1920",8.06
"Jun 1, 1920",7.92
"Jul 1, 1920",7.91
"Aug 1, 1920",7.6
"Sep 1, 1920",7.87
"Oct 1, 1920",7.88
"Nov 1, 1920",7.48
"Dec 1, 1920",6.81
"Jan 1, 1921",7.11
"Feb 1, 1921",7.06
"Mar 1, 1921",6.88
"Apr 1, 1921",6.91
"May 1, 1921",7.12
"Jun 1, 1921",6.55
"Jul 1, 1921",6.53
"Aug 1, 1921",6.45
"Sep 1, 1921",6.61
"Oct 1, 1921",6.7
"Nov 1, 1921",7.06
"Dec 1, 1921",7.31
"Jan 1, 1922",7.3
"Feb 1, 1922",7.46
"Mar 1, 1922",7.74
"Apr 1, 1922",8.21
"May 1, 1922",8.53
"Jun 1, 1922",8.45
"Jul 1, 1922",8.51
"Aug 1, 1922",8.83
"Sep 1, 1922",9.06
"Oct 1, 1922",9.26
"Nov 1, 1922",8.8
"Dec 1, 1922",8.78
"Jan 1, 1923",8.9
"Feb 1, 1923",9.28
"Mar 1, 1923",9.43
"Apr 1, 1923",9.1
"May 1, 1923",8.67
"Jun 1, 1923",8.34
"Jul 1, 1923",8.06
"Aug 1, 1923",8.1
"Sep 1, 1923",8.15
"Oct 1, 1923",8.03
"Nov 1, 1923",8.27
"Dec 1, 1923",8.55
"Jan 1, 1924",8.83
"Feb 1, 1924",8.87
"Mar 1, 1924",8.7
"Apr 1, 1924",8.5
"May 1, 1924",8.47
"Jun 1, 1924",8.63
"Jul 1, 1924",9.03
"Aug 1, 1924",9.34
"Sep 1, 1924",9.25
"Oct 1, 1924",9.13
"Nov 1, 1924",9.64
"Dec 1, 1924",10.16
"Jan 1, 1925",10.58
"Feb 1, 1925",10.67
"Mar 1, 1925",10.39
"Apr 1, 1925",10.28
"May 1, 1925",10.61
"Jun 1, 1925",10.8
"Jul 1, 1925",11.1
"Aug 1, 1925",11.25
"Sep 1, 1925",11.51
"Oct 1, 1925",11.89
"Nov 1, 1925",12.26
"Dec 1, 1925",12.46
"Jan 1, 1926",12.65
"Feb 1, 1926",12.67
"Mar 1, 1926",11.81
"Apr 1, 1926",11.48
"May 1, 1926",11.56
"Jun 1, 1926",12.11
"Jul 1, 1926",12.62
"Aug 1, 1926",13.12
"Sep 1, 1926",13.32
"Oct 1, 1926",13.02
"Nov 1, 1926",13.19
"Dec 1, 1926",13.49
"Jan 1, 1927",13.4
"Feb 1, 1927",13.66
"Mar 1, 1927",13.87
"Apr 1, 1927",14.21
"May 1, 1927",14.7
"Jun 1, 1927",14.89
"Jul 1, 1927",15.22
"Aug 1, 1927",16.03
"Sep 1, 1927",16.94
"Oct 1, 1927",16.68
"Nov 1, 1927",17.06
"Dec 1, 1927",17.46
"Jan 1, 1928",17.53
"Feb 1, 1928",17.32
"Mar 1, 1928",18.25
"Apr 1, 1928",19.4
"May 1, 1928",20
"Jun 1, 1928",19.02
"Jul 1, 1928",19.16
"Aug 1, 1928",19.78
"Sep 1, 1928",21.17
"Oct 1, 1928",21.6
"Nov 1, 1928",23.06
"Dec 1, 1928",23.15
"Jan 1, 1929",24.86
"Feb 1, 1929",24.99
"Mar 1, 1929",25.43
"Apr 1, 1929",25.28
"May 1, 1929",25.66
"Jun 1, 1929",26.15
"Jul 1, 1929",28.48
"Aug 1, 1929",30.1
"Sep 1, 1929",31.3
"Oct 1, 1929",27.99
"Nov 1, 1929",20.58
"Dec 1, 1929",21.4
"Jan 1, 1930",21.71
"Feb 1, 1930",23.07
"Mar 1, 1930",23.94
"Apr 1, 1930",25.46
"May 1, 1930",23.94
"Jun 1, 1930",21.52
"Jul 1, 1930",21.06
"Aug 1, 1930",20.79
"Sep 1, 1930",20.78
"Oct 1, 1930",17.92
"Nov 1, 1930",16.62
"Dec 1, 1930",15.51
"Jan 1, 1931",15.98
"Feb 1, 1931",17.2
"Mar 1, 1931",17.53
"Apr 1, 1931",15.86
"May 1, 1931",14.33
"Jun 1, 1931",13.87
"Jul 1, 1931",14.33
"Aug 1, 1931",13.9
"Sep 1, 1931",11.83
"Oct 1, 1931",10.25
"Nov 1, 1931",10.39
"Dec 1, 1931",8.44
"Jan 1, 1932",8.3
"Feb 1, 1932",8.23
"Mar 1, 1932",8.26
"Apr 1, 1932",6.28
"May 1, 1932",5.51
"Jun 1, 1932",4.77
"Jul 1, 1932",5.01
"Aug 1, 1932",7.53
"Sep 1, 1932",8.26
"Oct 1, 1932",7.12
"Nov 1, 1932",7.05
"Dec 1, 1932",6.82
"Jan 1, 1933",7.09
"Feb 1, 1933",6.25
"Mar 1, 1933",6.23
"Apr 1, 1933",6.89
"May 1, 1933",8.87
"Jun 1, 1933",10.39
"Jul 1, 1933",11.23
"Aug 1, 1933",10.67
"Sep 1, 1933",10.58
"Oct 1, 1933",9.55
"Nov 1, 1933",9.78
"Dec 1, 1933",9.97
"Jan 1, 1934",10.54
"Feb 1, 1934",11.32
"Mar 1, 1934",10.74
"Apr 1, 1934",10.92
"May 1, 1934",9.81
"Jun 1, 1934",9.94
"Jul 1, 1934",9.47
"Aug 1, 1934",9.1
"Sep 1, 1934",8.88
"Oct 1, 1934",8.95
"Nov 1, 1934",9.2
"Dec 1, 1934",9.26
"Jan 1, 1935",9.26
"Feb 1, 1935",8.98
"Mar 1, 1935",8.41
"Apr 1, 1935",9.04
"May 1, 1935",9.75
"Jun 1, 1935",10.12
"Jul 1, 1935",10.65
"Aug 1, 1935",11.37
"Sep 1, 1935",11.61
"Oct 1, 1935",11.92
"Nov 1, 1935",13.04
"Dec 1, 1935",13.04
"Jan 1, 1936",13.76
"Feb 1, 1936",14.55
"Mar 1, 1936",14.86
"Apr 1, 1936",14.88
"May 1, 1936",14.09
"Jun 1, 1936",14.69
"Jul 1, 1936",15.56
"Aug 1, 1936",15.87
"Sep 1, 1936",16.05
"Oct 1, 1936",16.89
"Nov 1, 1936",17.36
"Dec 1, 1936",17.06
"Jan 1, 1937",17.59
"Feb 1, 1937",18.11
"Mar 1, 1937",18.09
"Apr 1, 1937",17.01
"May 1, 1937",16.25
"Jun 1, 1937",15.64
"Jul 1, 1937",16.57
"Aug 1, 1937",16.74
"Sep 1, 1937",14.37
"Oct 1, 1937",12.28
"Nov 1, 1937",11.2
"Dec 1, 1937",11.02
"Jan 1, 1938",11.31
"Feb 1, 1938",11.04
"Mar 1, 1938",10.31
"Apr 1, 1938",9.89
"May 1, 1938",9.98
"Jun 1, 1938",10.21
"Jul 1, 1938",12.24
"Aug 1, 1938",12.31
"Sep 1, 1938",11.75
"Oct 1, 1938",13.06
"Nov 1, 1938",13.07
"Dec 1, 1938",12.69
"Jan 1, 1939",12.5
"Feb 1, 1939",12.4
"Mar 1, 1939",12.39
"Apr 1, 1939",10.83
"May 1, 1939",11.23
"Jun 1, 1939",11.43
"Jul 1, 1939",11.71
"Aug 1, 1939",11.54
"Sep 1, 1939",12.77
"Oct 1, 1939",12.9
"Nov 1, 1939",12.67
"Dec 1, 1939",12.37
"Jan 1, 1940",12.3
"Feb 1, 1940",12.22
"Mar 1, 1940",12.15
"Apr 1, 1940",12.27
"May 1, 1940",10.58
"Jun 1, 1940",9.67
"Jul 1, 1940",9.99
"Aug 1, 1940",10.2
"Sep 1, 1940",10.63
"Oct 1, 1940",10.73
"Nov 1, 1940",10.98
"Dec 1, 1940",10.53
"Jan 1, 1941",10.55
"Feb 1, 1941",9.89
"Mar 1, 1941",9.95
"Apr 1, 1941",9.64
"May 1, 1941",9.43
"Jun 1, 1941",9.76
"Jul 1, 1941",10.26
"Aug 1, 1941",10.21
"Sep 1, 1941",10.24
"Oct 1, 1941",9.83
"Nov 1, 1941",9.37
"Dec 1, 1941",8.76
"Jan 1, 1942",8.93
"Feb 1, 1942",8.65
"Mar 1, 1942",8.18
"Apr 1, 1942",7.84
"May 1, 1942",7.93
"Jun 1, 1942",8.33
"Jul 1, 1942",8.64
"Aug 1, 1942",8.59
"Sep 1, 1942",8.68
"Oct 1, 1942",9.32
"Nov 1, 1942",9.47
"Dec 1, 1942",9.52
"Jan 1, 1943",10.09
"Feb 1, 1943",10.69
"Mar 1, 1943",11.07
"Apr 1, 1943",11.44
"May 1, 1943",11.89
"Jun 1, 1943",12.1
"Jul 1, 1943",12.35
"Aug 1, 1943",11.74
"Sep 1, 1943",11.99
"Oct 1, 1943",11.88
"Nov 1, 1943",11.33
"Dec 1, 1943",11.48
"Jan 1, 1944",11.85
"Feb 1, 1944",11.77
"Mar 1, 1944",12.1
"Apr 1, 1944",11.89
"May 1, 1944",12.1
"Jun 1, 1944",12.67
"Jul 1, 1944",13
"Aug 1, 1944",12.81
"Sep 1, 1944",12.6
"Oct 1, 1944",12.91
"Nov 1, 1944",12.82
"Dec 1, 1944",13.1
"Jan 1, 1945",13.49
"Feb 1, 1945",13.94
"Mar 1, 1945",13.93
"Apr 1, 1945",14.28
"May 1, 1945",14.82
"Jun 1, 1945",15.09
"Jul 1, 1945",14.78
"Aug 1, 1945",14.83
"Sep 1, 1945",15.84
"Oct 1, 1945",16.5
"Nov 1, 1945",17.04
"Dec 1, 1945",17.33
"Jan 1, 1946",18.02
"Feb 1, 1946",18.07
"Mar 1, 1946",17.53
"Apr 1, 1946",18.66
"May 1, 1946",18.7
"Jun 1, 1946",18.58
"Jul 1, 1946",18.05
"Aug 1, 1946",17.7
"Sep 1, 1946",15.09
"Oct 1, 1946",14.75
"Nov 1, 1946",14.69
"Dec 1, 1946",15.13
"Jan 1, 1947",15.21
"Feb 1, 1947",15.8
"Mar 1, 1947",15.16
"Apr 1, 1947",14.6
"May 1, 1947",14.34
"Jun 1, 1947",14.84
"Jul 1, 1947",15.77
"Aug 1, 1947",15.46
"Sep 1, 1947",15.06
"Oct 1, 1947",15.45
"Nov 1, 1947",15.27
"Dec 1, 1947",15.03
"Jan 1, 1948",14.83
"Feb 1, 1948",14.1
"Mar 1, 1948",14.3
"Apr 1, 1948",15.4
"May 1, 1948",16.15
"Jun 1, 1948",16.82
"Jul 1, 1948",16.42
"Aug 1, 1948",15.94
"Sep 1, 1948",15.76
"Oct 1, 1948",16.19
"Nov 1, 1948",15.29
"Dec 1, 1948",15.19
"Jan 1, 1949",15.36
"Feb 1, 1949",14.77
"Mar 1, 1949",14.91
"Apr 1, 1949",14.89
"May 1, 1949",14.78
"Jun 1, 1949",13.97
"Jul 1, 1949",14.76
"Aug 1, 1949",15.29
"Sep 1, 1949",15.49
"Oct 1, 1949",15.89
"Nov 1, 1949",16.11
"Dec 1, 1949",16.54
"Jan 1, 1950",16.88
"Feb 1, 1950",17.21
"Mar 1, 1950",17.35
"Apr 1, 1950",17.84
"May 1, 1950",18.44
"Jun 1, 1950",18.74
"Jul 1, 1950",17.38
"Aug 1, 1950",18.43
"Sep 1, 1950",19.08
"Oct 1, 1950",19.87
"Nov 1, 1950",19.83
"Dec 1, 1950",19.75
"Jan 1, 1951",21.21
"Feb 1, 1951",22
"Mar 1, 1951",21.63
"Apr 1, 1951",21.92
"May 1, 1951",21.93
"Jun 1, 1951",21.55
"Jul 1, 1951",21.93
"Aug 1, 1951",22.89
"Sep 1, 1951",23.48
"Oct 1, 1951",23.36
"Nov 1, 1951",22.71
"Dec 1, 1951",23.41
"Jan 1, 1952",24.19
"Feb 1, 1952",23.75
"Mar 1, 1952",23.81
"Apr 1, 1952",23.74
"May 1, 1952",23.73
"Jun 1, 1952",24.38
"Jul 1, 1952",25.08
"Aug 1, 1952",25.18
"Sep 1, 1952",24.78
"Oct 1, 1952",24.26
"Nov 1, 1952",25.03
"Dec 1, 1952",26.04
"Jan 1, 1953",26.18
"Feb 1, 1953",25.86
"Mar 1, 1953",25.99
"Apr 1, 1953",24.71
"May 1, 1953",24.84
"Jun 1, 1953",23.95
"Jul 1, 1953",24.29
"Aug 1, 1953",24.39
"Sep 1, 1953",23.27
"Oct 1, 1953",23.97
"Nov 1, 1953",24.5
"Dec 1, 1953",24.83
"Jan 1, 1954",25.46
"Feb 1, 1954",26.02
"Mar 1, 1954",26.57
"Apr 1, 1954",27.63
"May 1, 1954",28.73
"Jun 1, 1954",28.96
"Jul 1, 1954",30.13
"Aug 1, 1954",30.73
"Sep 1, 1954",31.45
"Oct 1, 1954",32.18
"Nov 1, 1954",33.44
"Dec 1, 1954",34.97
"Jan 1, 1955",35.6
"Feb 1, 1955",36.79
"Mar 1, 1955",36.5
"Apr 1, 1955",37.76
"May 1, 1955",37.6
"Jun 1, 1955",39.78
"Jul 1, 1955",42.69
"Aug 1, 1955",42.43
"Sep 1, 1955",44.34
"Oct 1, 1955",42.11
"Nov 1, 1955",44.95
"Dec 1, 1955",45.37
"Jan 1, 1956",44.15
"Feb 1, 1956",44.43
"Mar 1, 1956",47.49
"Apr 1, 1956",48.05
"May 1, 1956",46.54
"Jun 1, 1956",46.27
"Jul 1, 1956",48.78
"Aug 1, 1956",48.49
"Sep 1, 1956",46.84
"Oct 1, 1956",46.24
"Nov 1, 1956",45.76
"Dec 1, 1956",46.44
"Jan 1, 1957",45.43
"Feb 1, 1957",43.47
"Mar 1, 1957",44.03
"Apr 1, 1957",45.05
"May 1, 1957",46.78
"Jun 1, 1957",47.55
"Jul 1, 1957",48.51
"Aug 1, 1957",45.84
"Sep 1, 1957",43.98
"Oct 1, 1957",41.24
"Nov 1, 1957",40.35
"Dec 1, 1957",40.33
"Jan 1, 1958",41.12
"Feb 1, 1958",41.26
"Mar 1, 1958",42.11
"Apr 1, 1958",42.34
"May 1, 1958",43.7
"Jun 1, 1958",44.75
"Jul 1, 1958",45.98
"Aug 1, 1958",47.7
"Sep 1, 1958",48.96
"Oct 1, 1958",50.95
"Nov 1, 1958",52.5
"Dec 1, 1958",53.49
"Jan 1, 1959",55.62
"Feb 1, 1959",54.77
"Mar 1, 1959",56.16
"Apr 1, 1959",57.1
"May 1, 1959",57.96
"Jun 1, 1959",57.46
"Jul 1, 1959",59.74
"Aug 1, 1959",59.4
"Sep 1, 1959",57.05
"Oct 1, 1959",57
"Nov 1, 1959",57.23
"Dec 1, 1959",59.06
"Jan 1, 1960",58.03
"Feb 1, 1960",55.78
"Mar 1, 1960",55.02
"Apr 1, 1960",55.73
"May 1, 1960",55.22
"Jun 1, 1960",57.26
"Jul 1, 1960",55.84
"Aug 1, 1960",56.51
"Sep 1, 1960",54.81
"Oct 1, 1960",53.73
"Nov 1, 1960",55.47
"Dec 1, 1960",56.8
"Jan 1, 1961",59.72
"Feb 1, 1961",62.17
"Mar 1, 1961",64.12
"Apr 1, 1961",65.83
"May 1, 1961",66.5
"Jun 1, 1961",65.62
"Jul 1, 1961",65.44
"Aug 1, 1961",67.79
"Sep 1, 1961",67.26
"Oct 1, 1961",68
"Nov 1, 1961",71.08
"Dec 1, 1961",71.74
"Jan 1, 1962",69.07
"Feb 1, 1962",70.22
"Mar 1, 1962",70.29
"Apr 1, 1962",68.05
"May 1, 1962",62.99
"Jun 1, 1962",55.63
"Jul 1, 1962",56.97
"Aug 1, 1962",58.52
"Sep 1, 1962",58
"Oct 1, 1962",56.17
"Nov 1, 1962",60.04
"Dec 1, 1962",62.64
"Jan 1, 1963",65.06
"Feb 1, 1963",65.92
"Mar 1, 1963",65.67
"Apr 1, 1963",68.76
"May 1, 1963",70.14
"Jun 1, 1963",70.11
"Jul 1, 1963",69.07
"Aug 1, 1963",70.98
"Sep 1, 1963",72.85
"Oct 1, 1963",73.03
"Nov 1, 1963",72.62
"Dec 1, 1963",74.17
"Jan 1, 1964",76.45
"Feb 1, 1964",77.39
"Mar 1, 1964",78.8
"Apr 1, 1964",79.94
"May 1, 1964",80.72
"Jun 1, 1964",80.24
"Jul 1, 1964",83.22
"Aug 1, 1964",82
"Sep 1, 1964",83.41
"Oct 1, 1964",84.85
"Nov 1, 1964",85.44
"Dec 1, 1964",83.96
"Jan 1, 1965",86.12
"Feb 1, 1965",86.75
"Mar 1, 1965",86.83
"Apr 1, 1965",87.97
"May 1, 1965",89.28
"Jun 1, 1965",85.04
"Jul 1, 1965",84.91
"Aug 1, 1965",86.49
"Sep 1, 1965",89.38
"Oct 1, 1965",91.39
"Nov 1, 1965",92.15
"Dec 1, 1965",91.73
"Jan 1, 1966",93.32
"Feb 1, 1966",92.69
"Mar 1, 1966",88.88
"Apr 1, 1966",91.6
"May 1, 1966",86.78
"Jun 1, 1966",86.06
"Jul 1, 1966",85.84
"Aug 1, 1966",80.65
"Sep 1, 1966",77.81
"Oct 1, 1966",77.13
"Nov 1, 1966",80.99
"Dec 1, 1966",81.33
"Jan 1, 1967",84.45
"Feb 1, 1967",87.36
"Mar 1, 1967",89.42
"Apr 1, 1967",90.96
"May 1, 1967",92.59
"Jun 1, 1967",91.43
"Jul 1, 1967",93.01
"Aug 1, 1967",94.49
"Sep 1, 1967",95.81
"Oct 1, 1967",95.66
"Nov 1, 1967",92.66
"Dec 1, 1967",95.3
"Jan 1, 1968",95.04
"Feb 1, 1968",90.75
"Mar 1, 1968",89.09
"Apr 1, 1968",95.67
"May 1, 1968",97.87
"Jun 1, 1968",100.5
"Jul 1, 1968",100.3
"Aug 1, 1968",98.11
"Sep 1, 1968",101.3
"Oct 1, 1968",103.8
"Nov 1, 1968",105.4
"Dec 1, 1968",106.5
"Jan 1, 1969",102
"Feb 1, 1969",101.5
"Mar 1, 1969",99.3
"Apr 1, 1969",101.3
"May 1, 1969",104.6
"Jun 1, 1969",99.14
"Jul 1, 1969",94.71
"Aug 1, 1969",94.18
"Sep 1, 1969",94.51
"Oct 1, 1969",95.52
"Nov 1, 1969",96.21
"Dec 1, 1969",91.11
"Jan 1, 1970",90.31
"Feb 1, 1970",87.16
"Mar 1, 1970",88.65
"Apr 1, 1970",85.95
"May 1, 1970",76.06
"Jun 1, 1970",75.59
"Jul 1, 1970",75.72
"Aug 1, 1970",77.92
"Sep 1, 1970",82.58
"Oct 1, 1970",84.37
"Nov 1, 1970",84.28
"Dec 1, 1970",90.05
"Jan 1, 1971",93.49
"Feb 1, 1971",97.11
"Mar 1, 1971",99.6
"Apr 1, 1971",103
"May 1, 1971",101.6
"Jun 1, 1971",99.72
"Jul 1, 1971",99
"Aug 1, 1971",97.24
"Sep 1, 1971",99.4
"Oct 1, 1971",97.29
"Nov 1, 1971",92.78
"Dec 1, 1971",99.17
"Jan 1, 1972",103.3
"Feb 1, 1972",105.2
"Mar 1, 1972",107.7
"Apr 1, 1972",108.8
"May 1, 1972",107.7
"Jun 1, 1972",108
"Jul 1, 1972",107.2
"Aug 1, 1972",111
"Sep 1, 1972",109.4
"Oct 1, 1972",109.6
"Nov 1, 1972",115.1
"Dec 1, 1972",117.5
"Jan 1, 1973",118.4
"Feb 1, 1973",114.2
"Mar 1, 1973",112.4
"Apr 1, 1973",110.3
"May 1, 1973",107.2
"Jun 1, 1973",104.8
"Jul 1, 1973",105.8
"Aug 1, 1973",103.8
"Sep 1, 1973",105.6
"Oct 1, 1973",109.8
"Nov 1, 1973",102
"Dec 1, 1973",94.78
"Jan 1, 1974",96.11
"Feb 1, 1974",93.45
"Mar 1, 1974",97.44
"Apr 1, 1974",92.46
"May 1, 1974",89.67
"Jun 1, 1974",89.79
"Jul 1, 1974",79.31
"Aug 1, 1974",76.03
"Sep 1, 1974",68.12
"Oct 1, 1974",69.44
"Nov 1, 1974",71.74
"Dec 1, 1974",67.07
"Jan 1, 1975",72.56
"Feb 1, 1975",80.1
"Mar 1, 1975",83.78
"Apr 1, 1975",84.72
"May 1, 1975",90.1
"Jun 1, 1975",92.4
"Jul 1, 1975",92.49
"Aug 1, 1975",85.71
"Sep 1, 1975",84.67
"Oct 1, 1975",88.57
"Nov 1, 1975",90.07
"Dec 1, 1975",88.7
"Jan 1, 1976",96.86
"Feb 1, 1976",100.6
"Mar 1, 1976",101.1
"Apr 1, 1976",101.9
"May 1, 1976",101.2
"Jun 1, 1976",101.8
"Jul 1, 1976",104.2
"Aug 1, 1976",103.3
"Sep 1, 1976",105.5
"Oct 1, 1976",101.9
"Nov 1, 1976",101.2
"Dec 1, 1976",104.7
"Jan 1, 1977",103.8
"Feb 1, 1977",101
"Mar 1, 1977",100.6
"Apr 1, 1977",99.05
"May 1, 1977",98.76
"Jun 1, 1977",99.29
"Jul 1, 1977",100.2
"Aug 1, 1977",97.75
"Sep 1, 1977",96.23
"Oct 1, 1977",93.74
"Nov 1, 1977",94.28
"Dec 1, 1977",93.82
"Jan 1, 1978",90.25
"Feb 1, 1978",88.98
"Mar 1, 1978",88.82
"Apr 1, 1978",92.71
"May 1, 1978",97.41
"Jun 1, 1978",97.66
"Jul 1, 1978",97.19
"Aug 1, 1978",103.9
"Sep 1, 1978",103.9
"Oct 1, 1978",100.6
"Nov 1, 1978",94.71
"Dec 1, 1978",96.11
"Jan 1, 1979",99.71
"Feb 1, 1979",98.23
"Mar 1, 1979",100.1
"Apr 1, 1979",102.1
"May 1, 1979",99.73
"Jun 1, 1979",101.7
"Jul 1, 1979",102.7
"Aug 1, 1979",107.4
"Sep 1, 1979",108.6
"Oct 1, 1979",104.5
"Nov 1, 1979",103.7
"Dec 1, 1979",107.8
"Jan 1, 1980",110.9
"Feb 1, 1980",115.3
"Mar 1, 1980",104.7
"Apr 1, 1980",103
"May 1, 1980",107.7
"Jun 1, 1980",114.6
"Jul 1, 1980",119.8
"Aug 1, 1980",123.5
"Sep 1, 1980",126.5
"Oct 1, 1980",130.2
"Nov 1, 1980",135.7
"Dec 1, 1980",133.5
"Jan 1, 1981",133
"Feb 1, 1981",128.4
"Mar 1, 1981",133.2
"Apr 1, 1981",134.4
"May 1, 1981",131.7
"Jun 1, 1981",132.3
"Jul 1, 1981",129.1
"Aug 1, 1981",129.6
"Sep 1, 1981",118.3
"Oct 1, 1981",119.8
"Nov 1, 1981",122.9
"Dec 1, 1981",123.8
"Jan 1, 1982",117.3
"Feb 1, 1982",114.5
"Mar 1, 1982",110.8
"Apr 1, 1982",116.3
"May 1, 1982",116.4
"Jun 1, 1982",109.7
"Jul 1, 1982",109.4
"Aug 1, 1982",109.7
"Sep 1, 1982",122.4
"Oct 1, 1982",132.7
"Nov 1, 1982",138.1
"Dec 1, 1982",139.4
"Jan 1, 1983",144.3
"Feb 1, 1983",146.8
"Mar 1, 1983",151.9
"Apr 1, 1983",157.7
"May 1, 1983",164.1
"Jun 1, 1983",166.4
"Jul 1, 1983",167
"Aug 1, 1983",162.4
"Sep 1, 1983",167.2
"Oct 1, 1983",167.7
"Nov 1, 1983",165.2
"Dec 1, 1983",164.4
"Jan 1, 1984",166.4
"Feb 1, 1984",157.3
"Mar 1, 1984",157.4
"Apr 1, 1984",157.6
"May 1, 1984",156.6
"Jun 1, 1984",153.1
"Jul 1, 1984",151.1
"Aug 1, 1984",164.4
"Sep 1, 1984",166.1
"Oct 1, 1984",164.8
"Nov 1, 1984",166.3
"Dec 1, 1984",164.5
"Jan 1, 1985",171.6
"Feb 1, 1985",180.9
"Mar 1, 1985",179.4
"Apr 1, 1985",180.6
"May 1, 1985",184.9
"Jun 1, 1985",188.9
"Jul 1, 1985",192.5
"Aug 1, 1985",188.3
"Sep 1, 1985",184.1
"Oct 1, 1985",186.2
"Nov 1, 1985",197.5
"Dec 1, 1985",207.3
"Jan 1, 1986",208.2
"Feb 1, 1986",219.4
"Mar 1, 1986",232.3
"Apr 1, 1986",238
"May 1, 1986",238.5
"Jun 1, 1986",245.3
"Jul 1, 1986",240.2
"Aug 1, 1986",245
"Sep 1, 1986",238.3
"Oct 1, 1986",237.4
"Nov 1, 1986",245.1
"Dec 1, 1986",248.6
"Jan 1, 1987",264.5
"Feb 1, 1987",280.9
"Mar 1, 1987",292.5
"Apr 1, 1987",289.3
"May 1, 1987",289.1
"Jun 1, 1987",301.4
"Jul 1, 1987",310.1
"Aug 1, 1987",329.4
"Sep 1, 1987",318.7
"Oct 1, 1987",280.2
"Nov 1, 1987",245
"Dec 1, 1987",241
"Jan 1, 1988",250.5
"Feb 1, 1988",258.1
"Mar 1, 1988",265.7
"Apr 1, 1988",262.6
"May 1, 1988",256.1
"Jun 1, 1988",270.7
"Jul 1, 1988",269.1
"Aug 1, 1988",263.7
"Sep 1, 1988",268
"Oct 1, 1988",277.4
"Nov 1, 1988",271
"Dec 1, 1988",276.5
"Jan 1, 1989",285.4
"Feb 1, 1989",294
"Mar 1, 1989",292.7
"Apr 1, 1989",302.3
"May 1, 1989",313.9
"Jun 1, 1989",323.7
"Jul 1, 1989",331.9
"Aug 1, 1989",346.6
"Sep 1, 1989",347.3
"Oct 1, 1989",347.4
"Nov 1, 1989",340.2
"Dec 1, 1989",348.6
"Jan 1, 1990",339.97
"Feb 1, 1990",330.45
"Mar 1, 1990",338.46
"Apr 1, 1990",338.18
"May 1, 1990",350.25
"Jun 1, 1990",360.39
"Jul 1, 1990",360.03
"Aug 1, 1990",330.75
"Sep 1, 1990",315.41
"Oct 1, 1990",307.12
"Nov 1, 1990",315.29
"Dec 1, 1990",328.75
"Jan 1, 1991",325.49
"Feb 1, 1991",362.26
"Mar 1, 1991",372.28
"Apr 1, 1991",379.68
"May 1, 1991",377.99
"Jun 1, 1991",378.29
"Jul 1, 1991",380.23
"Aug 1, 1991",389.4
"Sep 1, 1991",387.2
"Oct 1, 1991",386.88
"Nov 1, 1991",385.92
"Dec 1, 1991",388.51
"Jan 1, 1992",416.08
"Feb 1, 1992",412.56
"Mar 1, 1992",407.36
"Apr 1, 1992",407.41
"May 1, 1992",414.81
"Jun 1, 1992",408.27
"Jul 1, 1992",415.05
"Aug 1, 1992",417.93
"Sep 1, 1992",418.48
"Oct 1, 1992",412.5
"Nov 1, 1992",422.84
"Dec 1, 1992",435.64
"Jan 1, 1993",435.23
"Feb 1, 1993",441.7
"Mar 1, 1993",450.16
"Apr 1, 1993",443.08
"May 1, 1993",445.25
"Jun 1, 1993",448.06
"Jul 1, 1993",447.29
"Aug 1, 1993",454.13
"Sep 1, 1993",459.24
"Oct 1, 1993",463.9
"Nov 1, 1993",462.89
"Dec 1, 1993",465.95
"Jan 1, 1994",472.99
"Feb 1, 1994",471.58
"Mar 1, 1994",463.81
"Apr 1, 1994",447.23
"May 1, 1994",450.9
"Jun 1, 1994",454.83
"Jul 1, 1994",451.4
"Aug 1, 1994",464.24
"Sep 1, 1994",466.96
"Oct 1, 1994",463.81
"Nov 1, 1994",461.01
"Dec 1, 1994",455.19
"Jan 1, 1995",465.25
"Feb 1, 1995",481.92
"Mar 1, 1995",493.15
"Apr 1, 1995",507.91
"May 1, 1995",523.81
"Jun 1, 1995",539.35
"Jul 1, 1995",557.37
"Aug 1, 1995",559.11
"Sep 1, 1995",578.77
"Oct 1, 1995",582.92
"Nov 1, 1995",595.53
"Dec 1, 1995",614.57
"Jan 1, 1996",614.42
"Feb 1, 1996",649.54
"Mar 1, 1996",647.07
"Apr 1, 1996",647.17
"May 1, 1996",661.23
"Jun 1, 1996",668.5
"Jul 1, 1996",644.07
"Aug 1, 1996",662.68
"Sep 1, 1996",674.88
"Oct 1, 1996",701.46
"Nov 1, 1996",735.67
"Dec 1, 1996",743.25
"Jan 1, 1997",766.22
"Feb 1, 1997",798.39
"Mar 1, 1997",792.16
"Apr 1, 1997",763.93
"May 1, 1997",833.09
"Jun 1, 1997",876.29
"Jul 1, 1997",925.29
"Aug 1, 1997",927.24
"Sep 1, 1997",937.02
"Oct 1, 1997",951.16
"Nov 1, 1997",938.92
"Dec 1, 1997",962.37
"Jan 1, 1998",963.36
"Feb 1, 1998","1,023.74"
"Mar 1, 1998","1,076.83"
"Apr 1, 1998","1,112.20"
"May 1, 1998","1,108.42"
"Jun 1, 1998","1,108.39"
"Jul 1, 1998","1,156.58"
"Aug 1, 1998","1,074.62"
"Sep 1, 1998","1,020.64"
"Oct 1, 1998","1,032.47"
"Nov 1, 1998","1,144.43"
"Dec 1, 1998","1,190.05"
"Jan 1, 1999","1,248.77"
"Feb 1, 1999","1,246.58"
"Mar 1, 1999","1,281.66"
"Apr 1, 1999","1,334.76"
"May 1, 1999","1,332.07"
"Jun 1, 1999","1,322.55"
"Jul 1, 1999","1,380.99"
"Aug 1, 1999","1,327.49"
"Sep 1, 1999","1,318.17"
"Oct 1, 1999","1,300.01"
"Nov 1, 1999","1,391.00"
"Dec 1, 1999","1,428.68"
"Jan 1, 2000","1,425.59"
"Feb 1, 2000","1,388.87"
"Mar 1, 2000","1,442.21"
"Apr 1, 2000","1,461.36"
"May 1, 2000","1,418.48"
"Jun 1, 2000","1,461.96"
"Jul 1, 2000","1,473.00"
"Aug 1, 2000","1,485.46"
"Sep 1, 2000","1,468.05"
"Oct 1, 2000","1,390.14"
"Nov 1, 2000","1,378.04"
"Dec 1, 2000","1,330.93"
"Jan 1, 2001","1,335.63"
"Feb 1, 2001","1,305.75"
"Mar 1, 2001","1,185.85"
"Apr 1, 2001","1,189.84"
"May 1, 2001","1,270.37"
"Jun 1, 2001","1,238.71"
"Jul 1, 2001","1,204.45"
"Aug 1, 2001","1,178.50"
"Sep 1, 2001","1,044.64"
"Oct 1, 2001","1,076.59"
"Nov 1, 2001","1,129.68"
"Dec 1, 2001","1,144.93"
"Jan 1, 2002","1,140.21"
"Feb 1, 2002","1,100.67"
"Mar 1, 2002","1,153.79"
"Apr 1, 2002","1,111.93"
"May 1, 2002","1,079.25"
"Jun 1, 2002","1,014.02"
"Jul 1, 2002",903.59
"Aug 1, 2002",912.55
"Sep 1, 2002",867.81
"Oct 1, 2002",854.63
"Nov 1, 2002",909.93
"Dec 1, 2002",899.18
"Jan 1, 2003",895.84
"Feb 1, 2003",837.03
"Mar 1, 2003",846.63
"Apr 1, 2003",890.03
"May 1, 2003",935.96
"Jun 1, 2003",988
"Jul 1, 2003",992.54
"Aug 1, 2003",989.53
"Sep 1, 2003","1,019.44"
"Oct 1, 2003","1,038.73"
"Nov 1, 2003","1,049.90"
"Dec 1, 2003","1,080.64"
"Jan 1, 2004","1,132.52"
"Feb 1, 2004","1,143.36"
"Mar 1, 2004","1,123.98"
"Apr 1, 2004","1,133.36"
"May 1, 2004","1,102.78"
"Jun 1, 2004","1,132.76"
"Jul 1, 2004","1,105.85"
"Aug 1, 2004","1,088.94"
"Sep 1, 2004","1,117.66"
"Oct 1, 2004","1,117.21"
"Nov 1, 2004","1,168.94"
"Dec 1, 2004","1,199.21"
"Jan 1, 2005","1,181.41"
"Feb 1, 2005","1,199.63"
"Mar 1, 2005","1,194.90"
"Apr 1, 2005","1,164.43"
"May 1, 2005","1,178.28"
"Jun 1, 2005","1,202.25"
"Jul 1, 2005","1,222.24"
"Aug 1, 2005","1,224.27"
"Sep 1, 2005","1,225.92"
"Oct 1, 2005","1,191.96"
"Nov 1, 2005","1,237.37"
"Dec 1, 2005","1,262.07"
"Jan 1, 2006","1,278.73"
"Feb 1, 2006","1,276.65"
"Mar 1, 2006","1,293.74"
"Apr 1, 2006","1,302.17"
"May 1, 2006","1,290.01"
"Jun 1, 2006","1,253.17"
"Jul 1, 2006","1,260.24"
"Aug 1, 2006","1,287.15"
"Sep 1, 2006","1,317.74"
"Oct 1, 2006","1,363.38"
"Nov 1, 2006","1,388.64"
"Dec 1, 2006","1,416.42"
"Jan 1, 2007","1,424.16"
"Feb 1, 2007","1,444.80"
"Mar 1, 2007","1,406.95"
"Apr 1, 2007","1,463.64"
"May 1, 2007","1,511.14"
"Jun 1, 2007","1,514.19"
"Jul 1, 2007","1,520.71"
"Aug 1, 2007","1,454.62"
"Sep 1, 2007","1,497.12"
"Oct 1, 2007","1,539.66"
"Nov 1, 2007","1,463.39"
"Dec 1, 2007","1,479.22"
"Jan 1, 2008","1,378.76"
"Feb 1, 2008","1,354.87"
"Mar 1, 2008","1,316.94"
"Apr 1, 2008","1,370.47"
"May 1, 2008","1,403.22"
"Jun 1, 2008","1,341.25"
"Jul 1, 2008","1,257.33"
"Aug 1, 2008","1,281.47"
"Sep 1, 2008","1,216.95"
"Oct 1, 2008",968.8
"Nov 1, 2008",883.04
"Dec 1, 2008",877.56
"Jan 1, 2009",865.58
"Feb 1, 2009",805.23
"Mar 1, 2009",757.13
"Apr 1, 2009",848.15
"May 1, 2009",902.41
"Jun 1, 2009",926.12
"Jul 1, 2009",935.82
"Aug 1, 2009","1,009.73"
"Sep 1, 2009","1,044.55"
"Oct 1, 2009","1,067.66"
"Nov 1, 2009","1,088.07"
"Dec 1, 2009","1,110.38"
"Jan 1, 2010","1,123.58"
"Feb 1, 2010","1,089.16"
"Mar 1, 2010","1,152.05"
"Apr 1, 2010","1,197.32"
"May 1, 2010","1,125.06"
"Jun 1, 2010","1,083.36"
"Jul 1, 2010","1,079.80"
"Aug 1, 2010","1,087.28"
"Sep 1, 2010","1,122.08"
"Oct 1, 2010","1,171.58"
"Nov 1, 2010","1,198.89"
"Dec 1, 2010","1,241.53"
"Jan 1, 2011","1,282.62"
"Feb 1, 2011","1,321.12"
"Mar 1, 2011","1,304.49"
"Apr 1, 2011","1,331.51"
"May 1, 2011","1,338.31"
"Jun 1, 2011","1,287.29"
"Jul 1, 2011","1,325.19"
"Aug 1, 2011","1,185.31"
"Sep 1, 2011","1,173.88"
"Oct 1, 2011","1,207.22"
"Nov 1, 2011","1,226.42"
"Dec 1, 2011","1,243.32"
"Jan 1, 2012","1,300.58"
"Feb 1, 2012","1,352.49"
"Mar 1, 2012","1,389.24"
"Apr 1, 2012","1,386.43"
"May 1, 2012","1,341.27"
"Jun 1, 2012","1,323.48"
"Jul 1, 2012","1,359.78"
"Aug 1, 2012","1,403.45"
"Sep 1, 2012","1,443.42"
"Oct 1, 2012","1,437.82"
"Nov 1, 2012","1,394.51"
"Dec 1, 2012","1,422.29"
"Jan 1, 2013","1,480.40"
"Feb 1, 2013","1,512.31"
"Mar 1, 2013","1,550.83"
"Apr 1, 2013","1,570.70"
"May 1, 2013","1,639.84"
"Jun 1, 2013","1,618.77"
"Jul 1, 2013","1,668.68"
"Aug 1, 2013","1,670.09"
"Sep 1, 2013","1,687.17"
"Oct 1, 2013","1,720.03"
"Nov 1, 2013","1,783.54"
"Dec 1, 2013","1,807.78"
"Jan 1, 2014","1,822.36"
"Feb 1, 2014","1,817.04"
"Mar 1, 2014","1,863.52"
"Apr 1, 2014","1,864.26"
"May 1, 2014","1,889.77"
"Jun 1, 2014","1,947.09"
"Jul 1, 2014","1,973.10"
"Aug 1, 2014","1,961.53"
"Sep 1, 2014","1,993.23"
"Oct 1, 2014","1,937.27"
"Nov 1, 2014","2,044.57"
"Dec 1, 2014","2,054.27"
"Jan 1, 2015","2,028.18"
"Feb 1, 2015","2,082.20"
"Mar 1, 2015","2,079.99"
"Apr 1, 2015","2,094.86"
"May 1, 2015","2,111.94"
"Jun 1, 2015","2,099.29"
"Jul 1, 2015","2,094.14"
"Aug 1, 2015","2,039.87"
"Sep 1, 2015","1,944.41"
"Oct 1, 2015","2,024.81"
"Nov 1, 2015","2,080.62"
"Dec 1, 2015","2,054.08"
"Jan 1, 2016","1,918.60"
"Feb 1, 2016","1,904.42"
"Mar 1, 2016","2,021.95"
"Apr 1, 2016","2,075.54"
"May 1, 2016","2,065.55"
"Jun 1, 2016","2,083.89"
"Jul 1, 2016","2,148.90"
"Aug 1, 2016","2,170.95"
"Sep 1, 2016","2,157.69"
"Oct 1, 2016","2,143.02"
"Nov 1, 2016","2,164.99"
"Dec 1, 2016","2,246.63"
"Jan 1, 2017","2,275.12"
"Feb 1, 2017","2,329.91"
"Mar 1, 2017","2,366.82"
"Apr 1, 2017","2,359.31"
"May 1, 2017","2,395.35"
"Jun 1, 2017","2,433.99"
"Jul 1, 2017","2,454.10"
"Aug 1, 2017","2,456.22"
"Sep 1, 2017","2,492.84"
"Oct 1, 2017","2,557.00"
"Nov 1, 2017","2,593.61"
"Dec 1, 2017","2,664.34"
"Jan 1, 2018","2,789.80"
"Feb 1, 2018","2,705.16"
"Mar 1, 2018","2,702.77"
"Apr 1, 2018","2,653.63"
"May 1, 2018","2,701.49"
"Jun 1, 2018","2,754.35"
"Jul 1, 2018","2,793.64"
"Aug 1, 2018","2,857.82"
"Sep 1, 2018","2,901.50"
"Oct 1, 2018","2,785.46"
"Nov 1, 2018","2,723.23"
"Dec 1, 2018","2,567.31"
"Jan 1, 2019","2,607.39"
"Feb 1, 2019","2,754.86"
"Mar 1, 2019","2,803.98"
"Apr 1, 2019","2,903.80"
"May 1, 2019","2,854.71"
"Jun 1, 2019","2,890.17"
"Jul 1, 2019","2,996.11"
"Aug 1, 2019","2,897.50"
"Sep 1, 2019","2,982.16"
"Oct 1, 2019","2,977.68"
"Nov 1, 2019","3,104.90"
"Dec 1, 2019","3,176.75"
"Jan 1, 2020","3,278.20"
"Feb 1, 2020","3,277.31"
"Mar 1, 2020","2,652.39"
"Apr 1, 2020","2,761.98"
"May 1, 2020","2,919.61"
"Jun 1, 2020","3,104.66"
"Jul 1, 2020","3,207.62"
"Aug 1, 2020","3,391.71"
"Sep 1, 2020","3,365.52"
"Oct 1, 2020","3,418.70"
"Nov 1, 2020","3,548.99"
"Dec 1, 2020","3,695.31"
"Jan 1, 2021","3,793.75"
"Feb 1, 2021","3,883.43"
"Mar 1, 2021","3,910.51"
"Apr 1, 2021","4,141.18"
"May 1, 2021","4,167.85"
"Jun 1, 2021","4,238.49"
"Jul 1, 2021","4,363.71"
"Aug 1, 2021","4,454.21"
"Sep 1, 2021","4,445.54"
"Oct 1, 2021","4,460.71"
"Nov 1, 2021","4,667.39"
"Dec 1, 2021","4,674.77"
"Jan 1, 2022","4,573.82"
"Feb 1, 2022","4,435.98"
"Mar 1, 2022","4,391.27"
"Apr 1, 2022","4,391.30"
"May 1, 2022","4,040.36"
"Jun 1, 2022","3,898.95"
"Jul 1, 2022","3,911.73"
"Aug 1, 2022","4,158.56"
"Sep 1, 2022","3,850.52"
"Oct 1, 2022","3,726.05"
"Nov 1, 2022","3,917.49"
"Dec 1, 2022","3,912.38"
"Jan 1, 2023","3,960.66"
"Feb 1, 2023","4,079.68"
"Mar 1, 2023","3,968.56"
"Apr 1, 2023","4,121.47"
"May 1, 2023","4,146.17"
"Jun 1, 2023","4,345.37"
"Jul 1, 2023","4,508.08"
"Aug 1, 2023","4,426.24"
"Sep 1, 2023","4,409.10"
"Oct 1, 2023","4,258.98"
"Nov 1, 2023","4,460.06"
"Dec 1, 2023","4,685.05"
"Jan 1, 2024","4,804.49"
"Feb 1, 2024","5,011.96"
"Mar 1, 2024","5,170.57"
"Apr 1, 2024","5,095.46"
"May 1, 2024","5,235.23"
"Jun 1, 2024","5,415.14"
"Jul 1, 2024","5,542.89"
"Aug 1, 2024","5,502.17"
"Sep 1, 2024","5,626.12"
"Oct 1, 2024","5,792.32"
"Nov 1, 2024","5,929.92"
"Dec 1, 2024","6,010.91"
"Jan 1, 2025","5,979.52"
"Feb 1, 2025","6,038.69"
"Mar 1, 2025","5,683.98"
"Apr 1, 2025","5,369.50"
"May 1, 2025","5,810.92"
"Jun 1, 2025","6,029.95"
"Jul 1, 2025","6,296.50"
"Aug 1, 2025","6,408.95"
"Sep 1, 2025","6,584.02"
"Oct 1, 2025","6,735.69"
"Nov 1, 2025","6,740.89"
"Dec 1, 2025","6,853.03"
"Jan 1, 2026","6,929.12"
"Feb 1, 2026","6,893.81"
"Mar 1, 2026","6,822.41"